RequestNumber,RequestDate
52670,2018-01-02
52689,2018-01-02
52714,2018-01-03
52716,2018-01-03
52724,2018-01-04
52725,2018-01-04
52734,2018-01-04
52746,2018-01-05
52748,2018-01-05
52756,2018-01-08
52758,2018-01-08
52763,2018-01-08
52765,2018-01-08
52805,2018-01-09
52811,2018-01-09
52813,2018-01-09
52816,2018-01-10
52818,2018-01-10
52825,2018-01-10
52835,2018-01-10
52837,2018-01-11
52843,2018-01-11
52849,2018-01-12
52850,2018-01-12
52877,2018-01-15
52882,2018-01-15
52883,2018-01-15
52899,2018-01-15
52932,2018-01-16
52935,2018-01-16
52936,2018-01-16
52937,2018-01-16
52947,2018-01-17
52950,2018-01-17
52958,2018-01-18
52963,2018-01-18
52980,2018-01-19
52984,2018-01-19
53003,2018-01-22
53005,2018-01-22
53052,2018-01-22
53060,2018-01-23
53062,2018-01-23
53064,2018-01-23
53067,2018-01-23
53069,2018-01-23
53070,2018-01-23
53072,2018-01-24
53073,2018-01-24
53076,2018-01-24
53084,2018-01-24
53085,2018-01-24
53089,2018-01-25
53091,2018-01-25
53096,2018-01-25
53103,2018-01-26
53104,2018-01-26
53111,2018-01-26
53113,2018-01-26
53115,2018-01-26
53139,2018-01-29
53140,2018-01-29
53151,2018-01-29
53154,2018-01-29
53193,2018-01-30
53200,2018-01-30
53210,2018-01-31
53213,2018-01-31
53214,2018-01-31
53216,2018-01-31
53219,2018-02-01
53227,2018-02-01
53243,2018-02-02
53244,2018-02-02
53246,2018-02-02
53250,2018-02-02
53255,2018-02-02
53280,2018-02-06
53283,2018-02-06
53293,2018-02-06
53295,2018-02-06
53302,2018-02-06
53338,2018-02-07
53341,2018-02-07
53342,2018-02-07
53343,2018-02-07
53352,2018-02-07
53354,2018-02-08
53357,2018-02-08
53367,2018-02-09
53368,2018-02-09
53380,2018-02-09
53409,2018-02-12
53410,2018-02-12
53413,2018-02-12
53417,2018-02-12
53464,2018-02-13
53465,2018-02-13
53471,2018-02-13
53476,2018-02-13
53490,2018-02-14
53491,2018-02-14
53493,2018-02-14
53497,2018-02-14
53501,2018-02-15
53502,2018-02-15
53507,2018-02-15
53521,2018-02-16
53522,2018-02-16
53523,2018-02-16
53525,2018-02-16
53528,2018-02-16
53532,2018-02-16
53553,2018-02-19
53554,2018-02-19
53565,2018-02-19
53613,2018-02-20
53615,2018-02-20
53621,2018-02-20
53625,2018-02-21
53626,2018-02-21
53629,2018-02-21
53632,2018-02-21
53642,2018-02-22
53647,2018-02-22
53655,2018-02-23
53657,2018-02-23
53662,2018-02-23
53667,2018-02-23
53692,2018-02-26
53696,2018-02-26
53701,2018-02-26
53719,2018-02-26
53720,2018-02-26
53747,2018-02-27
53749,2018-02-27
53753,2018-02-27
53758,2018-02-27
53768,2018-02-28
53769,2018-02-28
53772,2018-02-28
53773,2018-02-28
53776,2018-03-01
53779,2018-03-01
53796,2018-03-02
53797,2018-03-02
53801,2018-03-02
53805,2018-03-02
53819,2018-03-05
53851,2018-03-05
53859,2018-03-05
53877,2018-03-06
53885,2018-03-06
53890,2018-03-07
53898,2018-03-07
53899,2018-03-07
53900,2018-03-07
53907,2018-03-08
53912,2018-03-08
53917,2018-03-08
53920,2018-03-08
53921,2018-03-08
53922,2018-03-08
53924,2018-03-08
53934,2018-03-09
53935,2018-03-09
53936,2018-03-09
53937,2018-03-09
53939,2018-03-09
53958,2018-03-12
53961,2018-03-12
53968,2018-03-12
54008,2018-03-13
54013,2018-03-13
54017,2018-03-13
54026,2018-03-14
54029,2018-03-14
54031,2018-03-14
54032,2018-03-14
54039,2018-03-15
54046,2018-03-15
54048,2018-03-15
54056,2018-03-16
54062,2018-03-16
54063,2018-03-16
54064,2018-03-16
54090,2018-03-20
54110,2018-03-20
54123,2018-03-20
54124,2018-03-20
54147,2018-03-21
54150,2018-03-21
54157,2018-03-22
54161,2018-03-22
54163,2018-03-22
54164,2018-03-22
54167,2018-03-22
54171,2018-03-22
54186,2018-03-23
54190,2018-03-23
54191,2018-03-23
54213,2018-03-26
54231,2018-03-26
54236,2018-03-26
54265,2018-03-27
54272,2018-03-27
54274,2018-03-27
54283,2018-03-28
54292,2018-03-28
54293,2018-03-28
54299,2018-03-29
54300,2018-03-29
54322,2018-04-02
54332,2018-04-02
54335,2018-04-02
54367,2018-04-03
54374,2018-04-03
54376,2018-04-03
54384,2018-04-04
54389,2018-04-04
54390,2018-04-04
54391,2018-04-04
54399,2018-04-05
54404,2018-04-05
54408,2018-04-05
54412,2018-04-06
54417,2018-04-06
54424,2018-04-06
54425,2018-04-06
54426,2018-04-06
54442,2018-04-09
54462,2018-04-09
54493,2018-04-10
54499,2018-04-10
54501,2018-04-10
54502,2018-04-10
54506,2018-04-11
54511,2018-04-11
54512,2018-04-11
54517,2018-04-12
54529,2018-04-12
54530,2018-04-12
54531,2018-04-12
54532,2018-04-12
54538,2018-04-13
54547,2018-04-13
54548,2018-04-13
54550,2018-04-13
54570,2018-04-16
54593,2018-04-16
54594,2018-04-16
54596,2018-04-16
54631,2018-04-17
54635,2018-04-17
54642,2018-04-18
54649,2018-04-18
54652,2018-04-18
54653,2018-04-18
54657,2018-04-18
54667,2018-04-19
54670,2018-04-19
54672,2018-04-19
54678,2018-04-20
54684,2018-04-20
54685,2018-04-20
54705,2018-04-23
54735,2018-04-23
54755,2018-04-24
54767,2018-04-24
54772,2018-04-24
54773,2018-04-24
54774,2018-04-24
54783,2018-04-25
54790,2018-04-25
54793,2018-04-25
54794,2018-04-25
54806,2018-04-26
54811,2018-04-26
54813,2018-04-26
54827,2018-04-27
54831,2018-04-27
54836,2018-04-27
54850,2018-04-30
54869,2018-04-30
54903,2018-05-02
54909,2018-05-02
54912,2018-05-02
54914,2018-05-02
54924,2018-05-03
54927,2018-05-03
54933,2018-05-03
54936,2018-05-03
54937,2018-05-03
54946,2018-05-04
54952,2018-05-04
54979,2018-05-07
54998,2018-05-07
55030,2018-05-08
55036,2018-05-08
55039,2018-05-08
55049,2018-05-09
55052,2018-05-09
55055,2018-05-09
55058,2018-05-09
55060,2018-05-09
55064,2018-05-10
55077,2018-05-10
55087,2018-05-11
55093,2018-05-11
55129,2018-05-14
55152,2018-05-14
55155,2018-05-14
55179,2018-05-15
55191,2018-05-15
55193,2018-05-15
55196,2018-05-16
55203,2018-05-16
55205,2018-05-16
55208,2018-05-16
55217,2018-05-17
55220,2018-05-17
55226,2018-05-17
55229,2018-05-17
55232,2018-05-17
55235,2018-05-18
55238,2018-05-18
55241,2018-05-18
55245,2018-05-18
55276,2018-05-21
55296,2018-05-21
55301,2018-05-21
55317,2018-05-22
55330,2018-05-22
55331,2018-05-22
55339,2018-05-23
55345,2018-05-23
55347,2018-05-23
55356,2018-05-24
55360,2018-05-24
55363,2018-05-24
55373,2018-05-25
55374,2018-05-25
55379,2018-05-25
55381,2018-05-25
55382,2018-05-25
55413,2018-05-28
55433,2018-05-28
55448,2018-05-28
55454,2018-05-29
55461,2018-05-29
55462,2018-05-29
55464,2018-05-29
55469,2018-05-30
55471,2018-05-30
55484,2018-05-31
55490,2018-05-31
55492,2018-05-31
55498,2018-06-01
55501,2018-06-01
55507,2018-06-01
55508,2018-06-01
55509,2018-06-01
55531,2018-06-04
55547,2018-06-04
55588,2018-06-05
55590,2018-06-05
55603,2018-06-06
55608,2018-06-06
55614,2018-06-07
55620,2018-06-07
55633,2018-06-08
55635,2018-06-08
55640,2018-06-08
55642,2018-06-08
55643,2018-06-08
55645,2018-06-08
55662,2018-06-11
55683,2018-06-11
55688,2018-06-11
55724,2018-06-12
55729,2018-06-12
55739,2018-06-13
55744,2018-06-13
55746,2018-06-13
55757,2018-06-14
55763,2018-06-14
55802,2018-06-18
55833,2018-06-18
55854,2018-06-19
55861,2018-06-19
55872,2018-06-20
55879,2018-06-20
55881,2018-06-20
55889,2018-06-21
55895,2018-06-21
55896,2018-06-21
55897,2018-06-21
55908,2018-06-22
55910,2018-06-22
55912,2018-06-22
55916,2018-06-22
55950,2018-06-25
55960,2018-06-25
55984,2018-06-26
55988,2018-06-26
56006,2018-06-27
56010,2018-06-27
56021,2018-06-28
56027,2018-06-28
56028,2018-06-28
56038,2018-06-29
56043,2018-06-29
56058,2018-07-02
56084,2018-07-02
56111,2018-07-03
56117,2018-07-03
56121,2018-07-03
56129,2018-07-04
56134,2018-07-04
56136,2018-07-04
56140,2018-07-04
56143,2018-07-04
56157,2018-07-05
56159,2018-07-05
56161,2018-07-05
56169,2018-07-06
56176,2018-07-06
56193,2018-07-09
56228,2018-07-09
56231,2018-07-09
56250,2018-07-10
56254,2018-07-10
56257,2018-07-10
56259,2018-07-10
56276,2018-07-11
56280,2018-07-11
56282,2018-07-11
56283,2018-07-11
56291,2018-07-12
56293,2018-07-12
56308,2018-07-13
56316,2018-07-13
56319,2018-07-13
56339,2018-07-16
56363,2018-07-16
56385,2018-07-17
56393,2018-07-17
56395,2018-07-17
56413,2018-07-18
56417,2018-07-18
56418,2018-07-18
56429,2018-07-19
56434,2018-07-19
56435,2018-07-19
56436,2018-07-19
56446,2018-07-20
56450,2018-07-20
56452,2018-07-20
56453,2018-07-20
56477,2018-07-23
56495,2018-07-23
56498,2018-07-23
56500,2018-07-23
56504,2018-07-23
56544,2018-07-24
56548,2018-07-24
56555,2018-07-25
56560,2018-07-25
56574,2018-07-26
56582,2018-07-26
56592,2018-07-27
56599,2018-07-27
56620,2018-07-30
56625,2018-07-30
56630,2018-07-30
56641,2018-07-30
56668,2018-07-31
56673,2018-07-31
56686,2018-08-01
56690,2018-08-01
56692,2018-08-01
56699,2018-08-02
56705,2018-08-02
56734,2018-08-06
56749,2018-08-06
56755,2018-08-06
56758,2018-08-06
56762,2018-08-06
56790,2018-08-07
56797,2018-08-07
56799,2018-08-07
56805,2018-08-08
56811,2018-08-08
56823,2018-08-09
56826,2018-08-09
56828,2018-08-09
56829,2018-08-09
56836,2018-08-10
56839,2018-08-10
56841,2018-08-10
56847,2018-08-10
56851,2018-08-10
56852,2018-08-10
56873,2018-08-13
56894,2018-08-13
56900,2018-08-13
56931,2018-08-14
56941,2018-08-14
56943,2018-08-14
56951,2018-08-15
56956,2018-08-15
56958,2018-08-15
56966,2018-08-16
56974,2018-08-16
56983,2018-08-17
56987,2018-08-17
56992,2018-08-17
56996,2018-08-17
57013,2018-08-20
57016,2018-08-20
57040,2018-08-20
57070,2018-08-21
57076,2018-08-21
57077,2018-08-21
57083,2018-08-22
57087,2018-08-22
57096,2018-08-22
57097,2018-08-22
57108,2018-08-23
57115,2018-08-24
57119,2018-08-24
57125,2018-08-24
57153,2018-08-27
57157,2018-08-27
57174,2018-08-27
57207,2018-08-28
57209,2018-08-28
57215,2018-08-28
57217,2018-08-28
57231,2018-08-29
57237,2018-08-29
57245,2018-08-30
57248,2018-08-30
57253,2018-08-30
57259,2018-08-31
57261,2018-08-31
57267,2018-08-31
57294,2018-09-03
57316,2018-09-03
57337,2018-09-04
57339,2018-09-04
57347,2018-09-04
57349,2018-09-04
57356,2018-09-05
57363,2018-09-05
57373,2018-09-06
57381,2018-09-06
57390,2018-09-07
57397,2018-09-07
57403,2018-09-07
57425,2018-09-10
57448,2018-09-10
57483,2018-09-11
57490,2018-09-11
57516,2018-09-12
57518,2018-09-12
57523,2018-09-12
57531,2018-09-13
57572,2018-09-17
57575,2018-09-17
57576,2018-09-17
57590,2018-09-18
57599,2018-09-18
57603,2018-09-18
57611,2018-09-19
57620,2018-09-19
57628,2018-09-20
57631,2018-09-20
57637,2018-09-20
57640,2018-09-21
57642,2018-09-21
57650,2018-09-21
57651,2018-09-21
57676,2018-09-24
57695,2018-09-24
57728,2018-09-25
57732,2018-09-25
57739,2018-09-26
57743,2018-09-26
57751,2018-09-27
57754,2018-09-27
57761,2018-09-27
57776,2018-09-28
57781,2018-09-28
57812,2018-10-01
57836,2018-10-01
57854,2018-10-02
57857,2018-10-02
57865,2018-10-03
57871,2018-10-03
57881,2018-10-04
57887,2018-10-04
57902,2018-10-05
57907,2018-10-05
57925,2018-10-08
57948,2018-10-08
57951,2018-10-08
57975,2018-10-09
57982,2018-10-09
57983,2018-10-09
57994,2018-10-10
57995,2018-10-10
57999,2018-10-10
58001,2018-10-10
58007,2018-10-11
58014,2018-10-11
58024,2018-10-12
58027,2018-10-12
58047,2018-10-15
58049,2018-10-15
58078,2018-10-15
58100,2018-10-16
58105,2018-10-16
58111,2018-10-17
58119,2018-10-17
58125,2018-10-18
58127,2018-10-18
58131,2018-10-18
58139,2018-10-19
58142,2018-10-19
58146,2018-10-19
58172,2018-10-22
58188,2018-10-22
58256,2018-10-23
58262,2018-10-23
58273,2018-10-24
58280,2018-10-24
58287,2018-10-25
58294,2018-10-25
58299,2018-10-26
58307,2018-10-26
58317,2018-10-29
58338,2018-10-29
58376,2018-10-30
58382,2018-10-30
58383,2018-10-30
58384,2018-10-30
58398,2018-10-31
58402,2018-10-31
58405,2018-11-01
58410,2018-11-01
58436,2018-11-05
58456,2018-11-05
58482,2018-11-06
58487,2018-11-06
58495,2018-11-07
58501,2018-11-07
58507,2018-11-08
58513,2018-11-08
58522,2018-11-09
58525,2018-11-09
58545,2018-11-12
58555,2018-11-12
58605,2018-11-13
58611,2018-11-13
58622,2018-11-14
58625,2018-11-14
58637,2018-11-15
58644,2018-11-15
58650,2018-11-16
58652,2018-11-16
58656,2018-11-16
58686,2018-11-20
58697,2018-11-20
58725,2018-11-21
58731,2018-11-21
58745,2018-11-22
58747,2018-11-22
58757,2018-11-23
58764,2018-11-23
58788,2018-11-26
58809,2018-11-26
58840,2018-11-27
58849,2018-11-27
58859,2018-11-28
58865,2018-11-28
58874,2018-11-29
58879,2018-11-29
58883,2018-11-29
58897,2018-11-30
58898,2018-11-30
58914,2018-12-03
58923,2018-12-03
58968,2018-12-04
58973,2018-12-04
58986,2018-12-05
58992,2018-12-05
58994,2018-12-06
59002,2018-12-06
59012,2018-12-07
59015,2018-12-07
59020,2018-12-07
59058,2018-12-10
59078,2018-12-10
59097,2018-12-11
59100,2018-12-11
59102,2018-12-11
59125,2018-12-12
59128,2018-12-12
59131,2018-12-12
59136,2018-12-13
59142,2018-12-13
59154,2018-12-14
59155,2018-12-14
59159,2018-12-14
59189,2018-12-17
59209,2018-12-17
59257,2018-12-18
59264,2018-12-18
59278,2018-12-20
59286,2018-12-20
59295,2018-12-21
59296,2018-12-21
59302,2018-12-21
59319,2018-12-24
59324,2018-12-24
59349,2018-12-26
59355,2018-12-26
59375,2018-12-27
59377,2018-12-27
59381,2018-12-27
59388,2018-12-28
59389,2018-12-28
59391,2018-12-28
59422,2019-01-02
59429,2019-01-02
59438,2019-01-03
59440,2019-01-03
59454,2019-01-04
59456,2019-01-04
59459,2019-01-04
59490,2019-01-07
59499,2019-01-07
59502,2019-01-07
59536,2019-01-08
59542,2019-01-08
59549,2019-01-09
59553,2019-01-09
59560,2019-01-10
59562,2019-01-10
59567,2019-01-10
59580,2019-01-11
59588,2019-01-11
59611,2019-01-14
59635,2019-01-14
59660,2019-01-15
59667,2019-01-15
59679,2019-01-16
59680,2019-01-16
59684,2019-01-16
59695,2019-01-17
59701,2019-01-17
59710,2019-01-18
59711,2019-01-18
59715,2019-01-18
59738,2019-01-21
59748,2019-01-21
59788,2019-01-22
59789,2019-01-22
59792,2019-01-22
59795,2019-01-23
59796,2019-01-23
59800,2019-01-23
59808,2019-01-24
59809,2019-01-24
59815,2019-01-24
59820,2019-01-25
59822,2019-01-25
59824,2019-01-25
59848,2019-01-28
59850,2019-01-28
59857,2019-01-28
59910,2019-01-29
59912,2019-01-29
59917,2019-01-29
59925,2019-01-30
59926,2019-01-30
59929,2019-01-30
59947,2019-01-31
59948,2019-01-31
59950,2019-01-31
59965,2019-02-01
59966,2019-02-01
59967,2019-02-01
59983,2019-02-05
59991,2019-02-05
60058,2019-02-06
60061,2019-02-06
60068,2019-02-07
60071,2019-02-07
60088,2019-02-08
60092,2019-02-08
60119,2019-02-11
60124,2019-02-11
60166,2019-02-12
60170,2019-02-12
60180,2019-02-12
60185,2019-02-12
60187,2019-02-13
60190,2019-02-13
60198,2019-02-14
60205,2019-02-14
60211,2019-02-15
60214,2019-02-15
60216,2019-02-15
60220,2019-02-15
60242,2019-02-18
60244,2019-02-18
60252,2019-02-18
60293,2019-02-19
60294,2019-02-19
60297,2019-02-19
60312,2019-02-20
60313,2019-02-20
60315,2019-02-20
60318,2019-02-20
60328,2019-02-21
60331,2019-02-21
60333,2019-02-21
60340,2019-02-22
60345,2019-02-22
60373,2019-02-25
60382,2019-02-25
60432,2019-02-26
60434,2019-02-26
60440,2019-02-26
60447,2019-02-27
60449,2019-02-27
60453,2019-02-28
60454,2019-02-28
60455,2019-02-28
60464,2019-02-28
60472,2019-02-28
60474,2019-02-28
60482,2019-03-01
60485,2019-03-01
60486,2019-03-01
60490,2019-03-01
60503,2019-03-04
60505,2019-03-04
60508,2019-03-04
60554,2019-03-05
60560,2019-03-05
60584,2019-03-06
60586,2019-03-06
60590,2019-03-06
60596,2019-03-06
60599,2019-03-07
60601,2019-03-07
60604,2019-03-07
60607,2019-03-07
60621,2019-03-08
60625,2019-03-08
60627,2019-03-08
60638,2019-03-11
60643,2019-03-11
60691,2019-03-12
60695,2019-03-12
60697,2019-03-12
60707,2019-03-13
60713,2019-03-13
60718,2019-03-14
60719,2019-03-14
60721,2019-03-14
60735,2019-03-15
60737,2019-03-15
60740,2019-03-15
60748,2019-03-15
60759,2019-03-19
60760,2019-03-19
60767,2019-03-19
60769,2019-03-19
60789,2019-03-19
60827,2019-03-20
60828,2019-03-20
60829,2019-03-20
60847,2019-03-21
60849,2019-03-21
60851,2019-03-21
60853,2019-03-21
60858,2019-03-21
60859,2019-03-21
60863,2019-03-22
60868,2019-03-22
60871,2019-03-22
60894,2019-03-25
60897,2019-03-25
60904,2019-03-25
60944,2019-03-26
60946,2019-03-26
60949,2019-03-26
60960,2019-03-27
60963,2019-03-27
60966,2019-03-27
60970,2019-03-27
60971,2019-03-28
60976,2019-03-28
60989,2019-03-29
60991,2019-03-29
60992,2019-03-29
61027,2019-04-01
61034,2019-04-01
61039,2019-04-01
61067,2019-04-02
61071,2019-04-02
61092,2019-04-03
61095,2019-04-03
61097,2019-04-03
61113,2019-04-04
61118,2019-04-04
61123,2019-04-05
61148,2019-04-08
61150,2019-04-08
61154,2019-04-08
61214,2019-04-09
61216,2019-04-09
61218,2019-04-09
61234,2019-04-10
61235,2019-04-10
61238,2019-04-10
61245,2019-04-11
61250,2019-04-11
61264,2019-04-12
61266,2019-04-12
61269,2019-04-12
61274,2019-04-12
61288,2019-04-15
61292,2019-04-15
61310,2019-04-15
61326,2019-04-16
61330,2019-04-16
61335,2019-04-16
61341,2019-04-16
61351,2019-04-17
61353,2019-04-17
61371,2019-04-22
61374,2019-04-22
61429,2019-04-23
61434,2019-04-23
61446,2019-04-24
61449,2019-04-24
61461,2019-04-25
61465,2019-04-25
61475,2019-04-26
61479,2019-04-26
61500,2019-04-29
61505,2019-04-29
61549,2019-04-30
61554,2019-04-30
61565,2019-05-02
61568,2019-05-02
61569,2019-05-02
61573,2019-05-03
61579,2019-05-03
61595,2019-05-06
61600,2019-05-06
61602,2019-05-06
61638,2019-05-07
61641,2019-05-07
61643,2019-05-07
61661,2019-05-08
61666,2019-05-08
61669,2019-05-08
61670,2019-05-09
61675,2019-05-09
61678,2019-05-09
61689,2019-05-10
61694,2019-05-10
61710,2019-05-13
61716,2019-05-13
61726,2019-05-13
61764,2019-05-14
61770,2019-05-14
61779,2019-05-15
61784,2019-05-15
61794,2019-05-16
61799,2019-05-16
61803,2019-05-17
61807,2019-05-17
61810,2019-05-17
61834,2019-05-20
61839,2019-05-20
61840,2019-05-20
61879,2019-05-21
61885,2019-05-21
61898,2019-05-22
61901,2019-05-22
61903,2019-05-22
61911,2019-05-23
61915,2019-05-23
61929,2019-05-24
61932,2019-05-24
61936,2019-05-24
61938,2019-05-24
61955,2019-05-27
61962,2019-05-27
61971,2019-05-27
61972,2019-05-27
61973,2019-05-27
62011,2019-05-28
62016,2019-05-28
62032,2019-05-29
62038,2019-05-29
62043,2019-05-29
62049,2019-05-30
62055,2019-05-30
62064,2019-05-31
62070,2019-05-31
62073,2019-05-31
62075,2019-05-31
62089,2019-06-03
62095,2019-06-03
62150,2019-06-04
62154,2019-06-04
62165,2019-06-05
62170,2019-06-05
62176,2019-06-05
62183,2019-06-06
62187,2019-06-06
62198,2019-06-07
62202,2019-06-07
62204,2019-06-07
62216,2019-06-10
62222,2019-06-10
62277,2019-06-11
62281,2019-06-11
62291,2019-06-11
62296,2019-06-12
62301,2019-06-12
62309,2019-06-13
62313,2019-06-13
62319,2019-06-14
62324,2019-06-14
62326,2019-06-14
62347,2019-06-17
62352,2019-06-17
62395,2019-06-18
62399,2019-06-18
62418,2019-06-19
62422,2019-06-19
62426,2019-06-20
62427,2019-06-20
62431,2019-06-20
62436,2019-06-20
62443,2019-06-21
62450,2019-06-21
62469,2019-06-24
62475,2019-06-24
62530,2019-06-25
62532,2019-06-25
62541,2019-06-26
62544,2019-06-26
62546,2019-06-26
62555,2019-06-27
62559,2019-06-27
62571,2019-06-28
62576,2019-06-28
62578,2019-06-28
62579,2019-06-28
62591,2019-07-01
62596,2019-07-01
62653,2019-07-02
62656,2019-07-02
62668,2019-07-03
62673,2019-07-03
62685,2019-07-04
62688,2019-07-04
62695,2019-07-05
62700,2019-07-05
62721,2019-07-08
62730,2019-07-08
62785,2019-07-09
62789,2019-07-09
62799,2019-07-10
62804,2019-07-10
62823,2019-07-11
62827,2019-07-11
62831,2019-07-11
62838,2019-07-12
62844,2019-07-12
62847,2019-07-12
62850,2019-07-12
62865,2019-07-15
62870,2019-07-15
62871,2019-07-15
62916,2019-07-16
62921,2019-07-16
62941,2019-07-17
62946,2019-07-17
62949,2019-07-17
62951,2019-07-17
62956,2019-07-18
62961,2019-07-18
62972,2019-07-19
62978,2019-07-19
62981,2019-07-19
62995,2019-07-22
62998,2019-07-22
63013,2019-07-22
63019,2019-07-22
63042,2019-07-23
63045,2019-07-23
63047,2019-07-23
63051,2019-07-23
63052,2019-07-23
63058,2019-07-24
63061,2019-07-24
63064,2019-07-24
63066,2019-07-24
63072,2019-07-25
63076,2019-07-25
63079,2019-07-25
63084,2019-07-25
63090,2019-07-26
63098,2019-07-26
63115,2019-07-29
63121,2019-07-29
63167,2019-07-30
63171,2019-07-30
63179,2019-07-31
63185,2019-07-31
63192,2019-08-01
63197,2019-08-01
63206,2019-08-02
63210,2019-08-02
63213,2019-08-02
63215,2019-08-02
63216,2019-08-02
63234,2019-08-05
63238,2019-08-05
63241,2019-08-05
63285,2019-08-05
63289,2019-08-06
63295,2019-08-06
63297,2019-08-06
63310,2019-08-07
63315,2019-08-07
63328,2019-08-08
63334,2019-08-08
63336,2019-08-08
63345,2019-08-09
63352,2019-08-09
63355,2019-08-09
63366,2019-08-12
63371,2019-08-12
63422,2019-08-13
63430,2019-08-13
63441,2019-08-14
63446,2019-08-14
63454,2019-08-15
63458,2019-08-15
63463,2019-08-15
63468,2019-08-16
63471,2019-08-16
63472,2019-08-16
63485,2019-08-19
63493,2019-08-19
63550,2019-08-20
63554,2019-08-20
63556,2019-08-20
63565,2019-08-21
63569,2019-08-21
63572,2019-08-21
63581,2019-08-22
63584,2019-08-22
63586,2019-08-22
63593,2019-08-23
63597,2019-08-23
63600,2019-08-23
63617,2019-08-26
63623,2019-08-26
63626,2019-08-26
63675,2019-08-27
63681,2019-08-27
63685,2019-08-27
63694,2019-08-28
63702,2019-08-28
63705,2019-08-28
63713,2019-08-29
63717,2019-08-29
63724,2019-08-30
63730,2019-08-30
63733,2019-08-30
63755,2019-09-02
63761,2019-09-02
63764,2019-09-02
63803,2019-09-03
63807,2019-09-03
63816,2019-09-04
63820,2019-09-04
63823,2019-09-04
63830,2019-09-05
63833,2019-09-05
63844,2019-09-06
63851,2019-09-06
63854,2019-09-06
63871,2019-09-09
63876,2019-09-09
63934,2019-09-10
63938,2019-09-10
63951,2019-09-11
63955,2019-09-11
63957,2019-09-11
63959,2019-09-11
63966,2019-09-12
63970,2019-09-12
63982,2019-09-13
63986,2019-09-13
63989,2019-09-13
64013,2019-09-17
64018,2019-09-17
64052,2019-09-17
64062,2019-09-18
64067,2019-09-18
64073,2019-09-19
64077,2019-09-19
64089,2019-09-20
64095,2019-09-20
64112,2019-09-23
64119,2019-09-23
64170,2019-09-24
64175,2019-09-24
64188,2019-09-25
64193,2019-09-25
64194,2019-09-25
64199,2019-09-26
64204,2019-09-26
64206,2019-09-26
64209,2019-09-26
64219,2019-09-27
64222,2019-09-27
64224,2019-09-27
64249,2019-09-30
64254,2019-09-30
64256,2019-09-30
64338,2019-09-30
64339,2019-09-30
64341,2019-09-30
64343,2019-09-30
64344,2019-09-30
64371,2019-10-01
64376,2019-10-01
64378,2019-10-01
64460,2019-10-02
64463,2019-10-02
64466,2019-10-02
64484,2019-10-03
64488,2019-10-03
64490,2019-10-03
64507,2019-10-04
64512,2019-10-04
64515,2019-10-04
64532,2019-10-07
64543,2019-10-07
64546,2019-10-07
64590,2019-10-08
64597,2019-10-08
64604,2019-10-09
64611,2019-10-09
64615,2019-10-09
64620,2019-10-10
64626,2019-10-10
64637,2019-10-11
64642,2019-10-11
64644,2019-10-11
64660,2019-10-14
64665,2019-10-14
64667,2019-10-14
64718,2019-10-15
64722,2019-10-15
64724,2019-10-15
64731,2019-10-16
64735,2019-10-16
64738,2019-10-16
64745,2019-10-17
64750,2019-10-17
64752,2019-10-17
64760,2019-10-18
64765,2019-10-18
64768,2019-10-18
64796,2019-10-21
64800,2019-10-21
64804,2019-10-21
64848,2019-10-22
64850,2019-10-22
64853,2019-10-22
64856,2019-10-23
64861,2019-10-23
64870,2019-10-23
64872,2019-10-24
64875,2019-10-24
64886,2019-10-24
64889,2019-10-25
64896,2019-10-25
64900,2019-10-25
64912,2019-10-28
64917,2019-10-28
64919,2019-10-28
64969,2019-10-29
64973,2019-10-29
64974,2019-10-29
64986,2019-10-30
64991,2019-10-30
64994,2019-10-30
64998,2019-10-31
64999,2019-10-31
65000,2019-10-31
65010,2019-11-01
65015,2019-11-01
65018,2019-11-01
65039,2019-11-04
65043,2019-11-04
65095,2019-11-05
65099,2019-11-05
65110,2019-11-06
65116,2019-11-06
65124,2019-11-07
65129,2019-11-07
65131,2019-11-07
65139,2019-11-08
65146,2019-11-08
65159,2019-11-11
65164,2019-11-11
65222,2019-11-12
65230,2019-11-12
65232,2019-11-12
65246,2019-11-13
65252,2019-11-13
65263,2019-11-14
65267,2019-11-14
65285,2019-11-15
65287,2019-11-15
65291,2019-11-15
65309,2019-11-19
65310,2019-11-19
65318,2019-11-19
65319,2019-11-19
65370,2019-11-20
65375,2019-11-20
65380,2019-11-20
65388,2019-11-21
65393,2019-11-21
65396,2019-11-21
65410,2019-11-22
65412,2019-11-22
65417,2019-11-22
65434,2019-11-25
65435,2019-11-25
65436,2019-11-25
65439,2019-11-25
65444,2019-11-25
65479,2019-11-25
65499,2019-11-26
65503,2019-11-26
65505,2019-11-26
65514,2019-11-27
65520,2019-11-27
65528,2019-11-28
65535,2019-11-28
65536,2019-11-28
65548,2019-11-29
65551,2019-11-29
65555,2019-11-29
65560,2019-11-29
65571,2019-12-02
65579,2019-12-02
65581,2019-12-02
65637,2019-12-03
65639,2019-12-03
65642,2019-12-03
65657,2019-12-04
65662,2019-12-04
65669,2019-12-05
65670,2019-12-05
65672,2019-12-05
65676,2019-12-06
65680,2019-12-06
65685,2019-12-06
65712,2019-12-09
65717,2019-12-09
65718,2019-12-09
65782,2019-12-10
65787,2019-12-10
65813,2019-12-11
65819,2019-12-11
65829,2019-12-12
65834,2019-12-12
65854,2019-12-13
65863,2019-12-13
65877,2019-12-16
65882,2019-12-16
65884,2019-12-16
65954,2019-12-17
65957,2019-12-17
65960,2019-12-17
65974,2019-12-18
65980,2019-12-18
65998,2019-12-19
66003,2019-12-19
66010,2019-12-20
66019,2019-12-20
66041,2019-12-23
66048,2019-12-23
66100,2019-12-24
66103,2019-12-24
66106,2019-12-26
66112,2019-12-26
66113,2019-12-26
66125,2019-12-27
66132,2019-12-27
66134,2019-12-27
66149,2019-12-30
66154,2019-12-30
66156,2019-12-30
66161,2019-12-30
